<?xml version="1.0" encoding="UTF-8"?>
<addon id="plugin.video.ufo.tv" name="UFO TV" provider-name="mhancoc7" version="0.1.3">
    <requires>
        <import addon="xbmc.python" version="2.1.0" />
        <import addon="script.module.liveresolver"/>
    </requires>
    <extension library="main.py" point="xbmc.python.pluginsource">
        <provides>video</provides>
    </extension>
    <extension point="xbmc.addon.metadata">
        <summary>UFO TV</summary>
        <description>Please visit [COLOR blue]https://www.tvaddons.ag[/COLOR] for addon support! All the best of UFO TV!</description>
        <platform>all</platform>
        <forum>https://forums.tvaddons.ag/mhancoc7-s-addons/</forum>
        <website>https://tvaddons.ag/</website>
    </extension>
</addon>
