<?xml version="1.0" encoding="UTF-8"?>
<addon id="plugin.video.animaltv" name="Animal TV" provider-name="mhancoc7" version="0.2.4">
    <requires>
        <import addon="xbmc.python" version="2.1.0" />
    </requires>
    <extension library="main.py" point="xbmc.python.pluginsource">
        <provides>video</provides>
    </extension>
    <extension point="xbmc.addon.metadata">
        <summary>Watch live streams of animals!</summary>
        <description>Please visit [COLOR blue]https://www.tvaddons.ag[/COLOR] for addon support! Watch live streams of animals from around the world.</description>
        <platform>all</platform>
        <forum>https://forums.tvaddons.ag/mhancoc7-s-addons/</forum>
        <website>https://tvaddons.ag</website>
    </extension>
</addon>
